isbn_b,isbn_a,title,authors,publisher,publish_year
0060527994,['1524732060'],The Devil and Miss Prym (On the Seventh Day  #3),Paulo Coelho/Amanda Hopkinson/Nick Caistor,HarperOne,2006
006112009X,['0060883286'],One Hundred Years of Solitude,Gabriel García Márquez/Gregory Rabassa,Harper Perennial Modern Classics,2006
006441034X,['006441034X'],Howl's Moving Castle (Howl's Moving Castle  #1),Diana Wynne Jones,Harper Trophy,2001
006446234X,['0062051571'],Pioneer Girl: The Story of Laura Ingalls Wilder,William   Anderson/Dan Andreasen,HarperCollins,2000
0099578514,['0679444629'],Midnight's Children,Salman Rushdie,Vintage,1995
014027409X,['0393089134'],A Clockwork Orange,Anthony Burgess,Penguin Books,1998
0140274111,['0679745653'],Breakfast at Tiffany's,Truman Capote,Penguin Books,1998
0141182601,['0393089134'],A Clockwork Orange,Anthony Burgess/Blake Morrison,Penguin Classics,2000
0141185473,['0141185473'],Angle of Repose,Wallace Stegner/Jackson J. Benson,Penguin Classics,2000
0141311290,['0142413852'],The Magic Finger,Roald Dahl/Quentin Blake,Puffin Books,2001
0142000280,['0143126563'],Getting Things Done: The Art of Stress-Free Productivity,David    Allen,Penguin Books,2002
0142000671,['0140186425'],Of Mice and Men,John Steinbeck,Penguin Books,2002
0142001430,['067091021X'],Year of Wonders,Geraldine Brooks,Penguin Books,2002
014240120X,['0525471375'],The Westing Game,Ellen Raskin,Puffin,2004
0143036238,['0143036238'],Pride & Prejudice,Jane Austen/Vivien Jones,Penguin Books,2005
0143039024,['0143039024'],The Quiet American,Graham Greene/Robert  Stone,Penguin Classics Deluxe Editions,2004
0143039431,"['0143039431', '067001690X']",The Grapes of Wrath,John Steinbeck/Robert DeMott/Mick Wiggins,Penguin Classics,2006
0307265838,['0307265838'],After Dark,Haruki Murakami/Jay Rubin,Knopf Publishing Group,2007
0307277674,['0385504209'],The Da Vinci Code (Robert Langdon  #2),Dan Brown,Anchor,2006
031213214X,['1401323820'],White Man's Grave,Richard Dooling,Picador USA,1995
0312424094,['0312424094'],Housekeeping,Marilynne Robinson,Picador USA,2004
031610969X,['031610969X'],Julie and Julia: 365 Days  524 Recipes  1 Tiny Apartment Kitchen,Julie Powell,Little Brown and Company,2005
0316156116,"['0316038393', '0316182370']",Consider the Lobster and Other Essays,David Foster Wallace,Little  Brown and Company,2005
0316159417,['0316159417'],The Bookseller of Kabul,Åsne Seierstad/Ingrid Christopherson,Little  Brown and Company,2004
0316168815,['0316666343'],The Lovely Bones,Alice Sebold,Back Bay Books,2004
0316969680,['0316410985'],The Beach House,James Patterson/Peter de Jonge,Little  Brown and Company,2002
0330485385,['0316666343'],The Lovely Bones,Alice Sebold,Picador,2003
034546401X,['0399153012'],Saving Fish from Drowning,Amy Tan,Ballantine Books,2006
034548701X,['141657168X'],In the Dark of the Night,John Saul,Ballantine Books,2006
034911188X,['0316066524'],Brief Interviews with Hideous Men,David Foster Wallace,Abacus,2000
0374292795,['0374292884'],The World Is Flat: A Brief History of the Twenty-first Century,Thomas L. Friedman,Farrar  Straus and Giroux (NY),2006
0374525641,['0374533407'],The Spirit Catches You and You Fall Down: A Hmong Child  Her American Doctors  and the Collision of Two Cultures,Anne Fadiman,Noonday Press,1998
0375422188,['1400031346'],The Full Cupboard of Life (No. 1 Ladies' Detective Agency  #5),Alexander McCall Smith,Pantheon Books,2004
0375423001,"['0375424490', '1597229423']",The Right Attitude to Rain (Isabel Dalhousie  #3),Alexander McCall Smith,Pantheon Books,2006
0375727485,['1596431083'],Arctic Dreams,Barry  Lopez,Vintage,2001
0375814248,['0375814248'],James and the Giant Peach,Roald Dahl/Quentin Blake,Alfred A. Knopf,2002
037582538X,['0307931781'],Wild About Books,Judy Sierra/Marc Brown,Alfred A. Knopf Books for Young Readers,2004
0375831002,"['0375842209', '0375831002']",The Book Thief,Markus Zusak/Cao Xuân Việt Khương,Alfred A. Knopf,2006
0385333846,['0385333846'],Slaughterhouse-Five,Kurt Vonnegut Jr.,Dial Press,1999
0385732554,['0440237688'],The Giver (The Giver  #1),Lois Lowry,Ember,2006
043932162X,"['0545010225', '0439064864', '0439139597']",Harry Potter Schoolbooks Box Set: Two Classic Books from the Library of Hogwarts School of Witchcraft and Wizardry,J.K. Rowling,Arthur A. Levine,2001
0439358078,"['043935806X', '0590353403']",Harry Potter and the Order of the Phoenix (Harry Potter  #5),J.K. Rowling/Mary GrandPré,Scholastic Inc.,2004
0439554896,"['043935806X', '0590353403', '0439064864']",Harry Potter and the Chamber of Secrets (Harry Potter  #2),J.K. Rowling,Scholastic,2003
043965548X,"['043935806X', '0590353403', '0439139597', '0439136350']",Harry Potter and the Prisoner of Azkaban (Harry Potter  #3),J.K. Rowling/Mary GrandPré,Scholastic Inc.,2004
0439682584,"['043935806X', '0590353403', '0439064864']",Harry Potter Boxed Set  Books 1-5 (Harry Potter  #1-5),J.K. Rowling/Mary GrandPré,Scholastic,2004
0439785960,"['043935806X', '0590353403', '0439139597']",Harry Potter and the Half-Blood Prince (Harry Potter  #6),J.K. Rowling/Mary GrandPré,Scholastic Inc.,2006
0439827604,"['043935806X', '0590353403', '0439139597']",Harry Potter Collection (Harry Potter  #1-6),J.K. Rowling,Scholastic,2005
044844013X,"['0670060488', '0670060267']",Angelina's Ballet Class,Katharine Holabird/Helen Craig,Grosset & Dunlap,2006
0452284937,['052594527X'],Girl with a Pearl Earring,Tracy Chevalier,Plume Books,2003
0465016901,['0465012612'],The Drama of the Gifted Child: The Search for the True Self,Alice   Miller/Ruth Ward,Basic Books,2008
046501691X,['0465012612'],The Drama of the Gifted Child: The Search for the True Self,Alice   Miller,Basic Books,1983
0517118297,['0061916048'],Jane Austen: The Complete Novels,Jane Austen,Gramercy Books,1994
055277183X,['037582913X'],This Other Eden,Ben Elton,Black Swan,2003
0553381679,['0439545285'],The Clan of the Cave Bear (Earth's Children  #1),Jean M. Auel,Bantam,2002
0553485172,['0142409219'],Encyclopedia Brown and the Case of the Sleeping Dog (Encyclopedia Brown  #21),Donald J. Sobol/Warren Chang,Yearling Books,1999
0563504838,['015602943X'],The Time Traveler's Wife,Audrey Niffenegger/William Hope/Laurel Lefkow,BBC Audiobooks,2005
057120175X,['0060175400'],The Poisonwood Bible,Barbara Kingsolver,Faber and Faber,2000
0571224385,['0060932139'],The Unbearable Lightness of Being,Milan Kundera/Michael Henry Heim,Harper Perennial,2009
0609602195,['0307238768'],The Barefoot Contessa Cookbook,Ina Garten/Melanie Acevedo,Clarkson Potter,1999
0613359607,['043935806X'],Harry Potter Y La Piedra Filosofal (Harry Potter  #1),J.K. Rowling,Turtleback Books,2001
061861916X,['1416594787'],The Ancestor's Tale: A Pilgrimage to the Dawn of Evolution,Richard Dawkins,Mariner Books,2005
061873516X,['061873516X'],Everyman,Philip Roth,Houghton Mifflin,2006
0670037605,['0670037605'],Mayflower: A Story of Courage  Community  and War,Nathaniel Philbrick,Viking,2006
067003777X,['067003777X'],Special Topics in Calamity Physics,Marisha Pessl,Penguin Books Ltd,2006
067176991X,['0670024961'],Mystery Walk,Robert R. McCammon,Pocket Books,1992
0676977111,['1400043395'],Never Let Me Go,Kazuo Ishiguro,Vintage Books,2006
0679454683,['0679454683'],The Lay of the Land,Richard Ford,Alfred A. Knopf,2006
067960085X,['0679745653'],Breakfast at Tiffany's: A Short Novel and Three Stories,Truman Capote,Modern Library,1994
0689878559,['0689878559'],Alanna: The First Adventure (Song of the Lioness  #1),Tamora Pierce,Simon Pulse,2005
070898228X,"['0143036238', '0141439513']",Pride and Prejudice,Jane Austen,Charnwood,1984
0743246985,['0743246985'],Wild Swans: Three Daughters of China,Jung Chang,Simon  Schuster,2003
074324754X,['074324754X'],The Glass Castle,Jeannette Walls,Scribner,2006
0743525876,['145164020X'],Riding the Bullet,Stephen King/Josh Hamilton,Simon  Schuster Audio,2002
074757362X,"['043935806X', '0439136350']",Harry Potter and the Prisoner of Azkaban (Harry Potter  #3),J.K. Rowling,Bloomsbury UK,2008
0753453800,['1402714572'],Treasure Island,Robert Louis Stevenson,Kingfisher,2001
0753820250,['0143034901'],The Shadow of the Wind (The Cemetery of Forgotten Books  #1),Carlos Ruiz Zafón/Lucia Graves,Phoenix Press,2005
0765342405,['0765342294'],Ender's Shadow (The Shadow Series  #1),Orson Scott Card,Starscape,2002
076790818X,['0767908171'],A Short History of Nearly Everything,Bill Bryson,Broadway Books,2004
076792603X,['0385504209'],The Da Vinci Code,Dan Brown,Broadway Books,2006
0771065264,['1400042828'],The View From Castle Rock,Alice Munro,McClelland and Stewart,2008
0802415318,['0802473156'],The 5 Love Languages / The 5 Love Languages Journal,Gary Chapman,Moody Publishers,2005
0130235016,['0385474547'],Things Fall Apart: An Adapted Classic,Chinua Achebe,Globe,2000
1400031362,['1400031362'],Morality for Beautiful Girls (No. 1 Ladies' Detective Agency #3),Alexander McCall Smith,Random House Anchor,2002
1400032717,"['0385509456', '0099450259']",The Curious Incident of the Dog in the Night-Time,Mark Haddon,Vintage,2004
1400034779,['1400031346'],The No. 1 Ladies' Detective Agency (No. 1 Ladies' Detective Agency #1),Alexander McCall Smith,Anchor Books,2003
140004281X,['140004281X'],Runaway,Alice Munro,Alfred A. Knopf,2004
1400042828,['1400042828'],The View from Castle Rock,Alice Munro,Alfred A. Knopf,2006
1400043182,['1400043182'],The House of the Spirits,Isabel Allende/Madga Bogin/Christopher Hitchens,Everyman's Library,2005
1400043468,['1400043468'],My Life in France,Julia Child/Alex Prud'Homme,Knopf Publishing Group,2006
1400044162,"['1400095204', '1400044162']",Half of a Yellow Sun,Chimamanda Ngozi Adichie,Knopf,2006
1400044618,['1400044618'],Blind Willow  Sleeping Woman,Haruki Murakami/Philip Gabriel/Jay Rubin,Alfred A. Knopf,2006
1400052920,['0345391802'],The Hitchhiker's Guide to the Galaxy (Hitchhiker's Guide to the Galaxy  #1),Douglas Adams,Crown,2004
140007570X,['1400031346'],In the Company of Cheerful Ladies (No. 1 Ladies' Detective Agency  #6),Alexander McCall Smith,Anchor,2006
1400076196,['1596439653'],Saturday,Ian McEwan,Anchor,2006
1400078431,"['0345544951', '0425285162']",The Year of Magical Thinking,Joan Didion,Vintage,2007
1400078474,['1451691548'],Love,Toni Morrison,Vintage,2005
1400078776,['1400043395'],Never Let Me Go,Kazuo Ishiguro,Vintage Books,2010
1400079179,['0385504209'],The Da Vinci Code,Dan Brown,Anchor,2006
1400097029,"['1434265676', '0307263118', '037582913X']",The Sea,John Banville,Vintage,2006
1400102952,['1400044618'],Blind Willow  Sleeping Woman: 24 Stories,Haruki Murakami/Ellen Archer/Patrick Lawlor,Tantor Media,2006
1401301940,['1401301959'],Jamie's Dinners: The Essential Family Cookbook,Jamie Oliver/Marion Deuchars/David Loftus/Chris Terry,Hachette Books,2004
1401301959,['1401301959'],Jamie's Italy,Jamie Oliver/David Loftus/Chris Terry,Hachette Books,2006
1402714572,['1402714572'],Treasure Island,Robert Louis Stevenson/Scott McKowen,Sterling Children's Books,2004
1402714580,['1402714580'],Little Women (Little Women  #1),Louisa May Alcott/Scott McKowen,Sterling,2004
1402726007,['1402714602'],The Adventures of Huckleberry Finn,Mark Twain/Scott McKowen/Arthur Pober,Sterling,2006
0140283331,['0399501487'],Lord of the Flies,William Golding,Penguin Books,1999
0140449175,['0143035002'],Anna Karenina,Leo Tolstoy/Richard Pevear/Larissa Volokhonsky/John Bayley,Penguin Books,2003
0140568190,['0142413844'],The Giraffe and the Pelly and Me,Roald Dahl/Quentin Blake,Puffin,2001
0140620850,['1561458031'],Vanity Fair,William Makepeace Thackeray,Penguin Books,1998
0141006870,"['1594202273', '0395977894']",Fast Food Nation: What The All-American Meal is Doing to the World,Eric Schlosser,Penguin Books,2002
0141007451,['0393050939'],Stiff: The Curious Lives of Human Cadavers,Mary Roach,Penguin,2004
0141008253,['0618173870'],Everything Is Illuminated,Jonathan Safran Foer,Penguin Group,2003
1411683056,['0679760806'],The Master and Margarita,Mikhail Bulgakov/Michael Karpelson,Lulu Press,2006
0141186070,['0143039431'],The Log from the Sea of Cortez,John Steinbeck/Richard Astro,Penguin Books Ltd,2001
0141439645,"['1402714602', '1594205132']",The Adventures of Huckleberry Finn,Mark Twain/Peter Coveney,Penguin Books,2003
0141439823,['1402784066'],Robinson Crusoe,Daniel Defoe/John J. Richetti,Penguin Classics,2003
0141439831,['1561458031'],Vanity Fair,William Makepeace Thackeray/John Carey,Penguin Books,2003
0141441143,['0141441143'],Jane Eyre,Charlotte Brontë/Stevie Davies,Penguin Classics,2006
1415916292,['1400043395'],Never Let Me Go,Kazuo Ishiguro/Rosalyn Landor,Books on Tape,2005
1416500294,['1402714572'],Treasure Island,Robert Louis Stevenson,Simon & Schuster,2005
1416535209,['1416535209'],The Guy Not Taken: Stories,Jennifer Weiner,Atria Books,2006
1417618256,['0307743659'],The Shining,Stephen King,Turtleback Books,2002
1417626283,['0375703861'],White Teeth,Zadie Smith,Turtleback Books,2001
1419311743,['1400031346'],In the Company of Cheerful Ladies (No. 1 Ladies' Detective Agency  #6),Alexander McCall Smith/Lisette Lecat,Recorded Books  Inc.,2005
0142000272,['0143035002'],Anna Karenina,Leo Tolstoy/Richard Pevear/Larissa Volokhonsky,Penguin Books,2001
0142004235,['0140186395'],East of Eden,John Steinbeck,Penguin Books,2002
1421500493,"['1421500930', '1421500949', '1421500922']",The Art of Howl's Moving Castle,Hayao Miyazaki/Yuji Oniki/Joe Hisaishi,VIZ Media LLC,2005
1421501686,['1421501686'],Death Note  Vol. 1: Boredom (Death Note  #1),Tsugumi Ohba/Takeshi Obata/Pookie Rolf,VIZ Media LLC,2005
1421501694,['1421501686'],Death Note  Vol. 2: Confluence (Death Note  #2),Tsugumi Ohba/Takeshi Obata/Pookie Rolf,VIZ Media LLC,2005
1421501708,['1421501686'],Death Note  Vol. 3: Hard Run (Death Note  #3),Tsugumi Ohba/Takeshi Obata/Pookie Rolf,VIZ Media LLC,2006
1421501759,"['1591169208', '1591169232']",Fullmetal Alchemist  Vol. 5 (Fullmetal Alchemist  #5),Hiromu Arakawa/Akira Watanabe,VIZ Media LLC,2006
142150331X,['1421501686'],Death Note  Vol. 4: Love (Death Note  #4),Tsugumi Ohba/Alexis Kirsch,VIZ Media LLC,2006
1421504596,"['1591169208', '1591169232']",Fullmetal Alchemist  Vol. 8 (Fullmetal Alchemist  #8),Hiromu Arakawa/Akira Watanabe,VIZ Media LLC,2006
142150460X,"['1591169208', '1591169232']",Fullmetal Alchemist  Vol. 9 (Fullmetal Alchemist  #9),Hiromu Arakawa/Akira Watanabe,VIZ Media LLC,2006
1421504618,"['1591169208', '1591169232']",Fullmetal Alchemist  Vol. 10,Hiromu Arakawa/Akira Watanabe,VIZ Media LLC,2006
1421506262,['1421501686'],Death Note  Vol. 5: Whiteout (Death Note  #5),Tsugumi Ohba/Takeshi Obata/Alexis Kirsch,VIZ Media LLC,2006
1421506270,['1421501686'],Death Note  Vol. 6: Give-and-Take (Death Note  #6),Tsugumi Ohba/Takeshi Obata/Alexis Kirsch,VIZ Media LLC,2006
1421506289,['1421501686'],Death Note  Vol. 7: Zero (Death Note  #7),Tsugumi Ohba/Takeshi Obata/Alexis Kirsch,VIZ Media LLC,2006
1421506300,['1421501686'],Death Note  Vol. 9: Contact (Death Note  #9),Tsugumi Ohba/Takeshi Obata/Tetsuichiro Miyaki,VIZ Media LLC,2007
142151155X,['1421501686'],Death Note  Vol. 10: Deletion (Death Note  #10),Tsugumi Ohba/Takeshi Obata/Tetsuichiro Miyaki,VIZ Media LLC,2007
1421808323,"['0451524934', '0452284236']",Nineteen Eighty-Four,George Orwell,1st World Library,2005
0142401757,['0142401757'],Dreamland,Sarah Dessen,Speak,2004
0142402494,['0670062766'],Pippi Longstocking,Astrid Lindgren/Florence Lamborn/Louis S. Glanzman,Puffin Books,2005
0142437050,['0763631612'],The Secret Garden,Frances Hodgson Burnett/Alison Lurie,Penguin Classics,2003
0142437182,['0142437182'],Siddhartha,Hermann Hesse/Joachim Neugroschel/Ralph Freedman,Penguin Books,2002
0142437204,['0141441143'],Jane Eyre,Charlotte Brontë/Michael Mason,Penguin,2003
0143034758,['0143034758'],Alexander Hamilton,Ron Chernow,Penguin Books,2005
0143035002,['0143035002'],Anna Karenina,Leo Tolstoy/Richard Pevear/Larissa Volokhonsky,Penguin Classics,2004
0143035746,['0143035746'],The Liars' Club,Mary Karr,Penguin Books,2005
0143036238,['0141439513'],Pride & Prejudice,Jane Austen/Vivien Jones,Penguin Books,2005
0143036408,['0142001740'],The Secret Life of Bees,Sue Monk Kidd,Penguin Books,2005
0143036696,['0152010254'],The Mermaid Chair,Sue Monk Kidd,Penguin Books,2006
0143036939,['1594200580'],The City of Falling Angels,John Berendt,Penguin Books,2006
0143037145,['0670034169'],The Memory Keeper's Daughter,Kim Edwards,Penguin Books,2006
0143039857,['014038572X'],The Outsiders,S.E. Hinton/Jodi Picoult,Penguin Books,2006
0152018484,['0152018484'],How I Became a Pirate,Melinda Long/David Shannon,HMH Books for Young Readers,2003
156584100X,['0743296281'],Lies My Teacher Told Me: Everything Your History Textbook Got Wrong,James W. Loewen,The New Press,1995
1565847253,"['0061965588', '0062397346']",A People's History of the United States: The Civil War to the Present,Howard Zinn/Kathy Emery/Ellen Gordon Reeves,The New Press,2003
1565848268,"['0061965588', '0062397346']",A People's History of the United States,Howard Zinn/Kathy Emery/Ellen Gordon Reeves,The New Press,2003
1577314808,['1577311523'],The Power of Now: A Guide to Spiritual Enlightenment,Eckhart Tolle,New World Library,2004
1582348251,['043935806X'],Harrius Potter et Philosophi Lapis,J.K. Rowling/Peter Needham,Bloomsbury,2003
1587263882,['1402784066'],Robinson Crusoe,Daniel Defoe,Ann Arbor Media,2006
1591169208,"['1591169208', '1591169232']",Fullmetal Alchemist  Vol. 1 (Fullmetal Alchemist  #1),Hiromu Arakawa/Akira Watanabe,VIZ Media LLC,2005
1591169232,"['1591169208', '1591169232']",Fullmetal Alchemist  Vol. 2 (Fullmetal Alchemist  #2),Hiromu Arakawa/Akira Watanabe,VIZ Media LLC,2005
1591169259,"['1591169208', '1591169232']",Fullmetal Alchemist  Vol. 3 (Fullmetal Alchemist  #3),Hiromu Arakawa/Akira Watanabe,VIZ Media LLC,2005
1591169291,"['1591169208', '1591169232']",Fullmetal Alchemist  Vol. 4 (Fullmetal Alchemist  #4),Hiromu Arakawa/Akira Watanabe,VIZ Media LLC,2005
1591794641,['1604076585'],Mindfulness for Beginners,Jon Kabat-Zinn,Sounds True,2006
159307171X,['0812983580'],The Amazing Adventures of the Escapist: Volume 1,Michael Chabon/Glen David Gold/Bill Sienkiewicz/Howard Chaykin/Gene Colan/Steve Lieber/Eric Wight/Kevin  McCarthy,Dark Horse,2004
1593080115,['1402784066'],Robinson Crusoe,Daniel Defoe/L.J. Swingle,Barnes & Noble Classics,2003
1593081774,['0143035002'],Anna Karenina,Leo Tolstoy/Constance Garnett/Amy Mandelker,Barnes & Noble,2004
1593083246,"['0143036238', '0141439513']",Pride and Prejudice,Jane Austen/Carol Howard,Barnes  Noble Classics,2004
159413023X,['0316666343'],The Lovely Bones,Alice Sebold,Large Print Press,2004
1594481571,"['1594489424', '1573222992']",Plan B: Further Thoughts on Faith,Anne Lamott,Riverhead Books,2006
1594481938,['1573223018'],A Long Way Down,Nick Hornby,Riverhead Books,2006
1596590939,['0375501290'],The Botany of Desire: A Plant's-Eye View of the World,Michael Pollan/Scott Brick,Your Coach Digital,2007
1596921536,['015602943X'],The Time Traveler's Wife,Audrey Niffenegger,MacAdam/Cage,2005
1598870548,['0374299196'],The Discomfort Zone: A Personal Journey,Jonathan Franzen,HighBridge Company,2006
1600962203,['0307949524'],House of Mirth,Edith Wharton,Waking Lion Press,2008
1841150509,"['0061433012', '0060099186']",The Patron Saint of Liars,Ann Patchett,HarperCollins Publishers,2003
1843544857,['0312283709'],Running with Scissors,Augusten Burroughs,Atlantic Books,2006
1844082938,['0307949524'],The House of Mirth,Edith Wharton/Nina Bawden,Virago,2006
1857988094,['031286504X'],I Am Legend,Richard Matheson,Millenium,1999
1862301387,['0399244816'],Redwall (Redwall  #1),Brian Jacques,Red Fox,2006
1904633277,['1402714580'],Little Women,Louisa May Alcott,Collector's Library,2004
2266144340,['0385504209'],Da Vinci Code (Robert Langdon  #2),Dan Brown/Daniel Roche,Pocket,2005
2743604913,['1570617481'],Moo,Jane Smiley,Rivages,1999
0307262995,"['0385349742', '0307262995']",Nature Girl,Carl Hiaasen,Alfred A. Knopf,2006
0307263118,"['1434265676', '0307263118', '037582913X']",The Sea,John Banville,Alfred A. Knopf,2005
0307264556,['0307264556'],I Feel Bad About My Neck: And Other Thoughts on Being a Woman,Nora Ephron,Knopf Publishing Group,2006
0307264602,['038549081X'],The Handmaid's Tale,Margaret Atwood/Valerie Martin,Everyman's Library,2006
0307264653,['0307264653'],Terrorist,John Updike,Knopf,2006
0307265439,['0307265439'],The Road,Cormac McCarthy,Alfred A. Knopf,2006
0307276902,['0307276902'],A Million Little Pieces,James Frey,Anchor Books,2005
0307281701,['0399501487'],Lord of the Flies,William Golding,Listening Library (Audio),2005
0307989135,"['0307295710', '0753464136']",The Christmas Story,Jane Werner Watson/Eloise Wilkin,Golden Books,2000
0312282990,['0812983580'],The Amazing Adventures of Kavalier & Clay,Michael Chabon,Picador USA,2001
0312306342,['0312651317'],Plum Lovin' (Stephanie Plum  #12.5),Janet Evanovich,St. Martin's Press,2007
0312424442,['0374281580'],I am Charlotte Simmons,Tom Wolfe,Picador USA,2005
0312426216,['0805078975'],Pardonable Lies (Maisie Dobbs  #3),Jacqueline Winspear,Picador USA,2006
0312426232,['0805077146'],The Brooklyn Follies,Paul Auster,Picador,2006
0312985347,['0312306261'],Eleven on Top (Stephanie Plum  #11),Janet Evanovich,St. Martin's Press,2006
0316014508,['0316014508'],You've Been Warned,James Patterson/Howard Roughan,Little Brown and Company,2007
0316014796,"['0316014796', '0316206717', '031620756X', '031615427X']",The 6th Target (Women's Murder Club  #6),James Patterson/Maxine Paetro,Little Brown and Company,2007
0316017442,['0316017442'],The Terror,Dan Simmons,Little  Brown and Company,2007
0316059854,['0316059854'],Body Surfing,Anita Shreve,Little  Brown and Company,2007
0316156507,['0316156507'],The Night Gardener,George Pelecanos,Little Brown and Company,2006
0316172324,['0316172324'],Blink: The Power of Thinking Without Thinking,Malcolm Gladwell,Little  Brown and Company,2005
0316779237,['0316035904'],Holidays on Ice,David Sedaris,Back Bay,1998
0330267140,['0679444629'],Midnight's Children,Salman Rushdie,Picador,1982
0330491199,['0345391802'],The Hitchhiker's Guide to the Galaxy (Hitchhiker's Guide to the Galaxy  #1),Douglas Adams,Picador USA,2002
345316413X,['0393089134'],Clockwork Orange,Anthony Burgess,Heyne,2000
0345479726,['1400063833'],Until I Find You,John Irving,Ballantine Books,2006
3485009024,['1400031346'],Ein Gentleman für Mma Ramotswe (No. 1 Ladies' Detective Agency  #2),Alexander McCall Smith,Nymphenburger,2002
3485009601,['1400031346'],Ein Koch für Mma Ramotswe (No. 1 Ladies' Detective Agency  #3),Alexander McCall Smith,Nymphenburger,2003
3717519646,['0141441143'],Jane Eyre,Charlotte Brontë,Manesse Verlag,2001
0375422714,"['0307378403', '1400031346']",In the Company of Cheerful Ladies (No. 1 Ladies' Detective Agency #6),Alexander McCall Smith,Pantheon,2005
0375422722,"['0307378403', '1400031346']",Blue Shoes and Happiness (No. 1 Ladies' Detective Agency  #7),Alexander McCall Smith,Pantheon,2006
0375422730,['1400031346'],The Good Husband of Zebra Drive (No. 1 Ladies' Detective Agency #8),Alexander McCall Smith,Pantheon Books,2007
0375703861,['0375703861'],White Teeth,Zadie Smith,Vintage,2001
0375760393,['0375501290'],The Botany of Desire: A Plant's-Eye View of the World,Michael Pollan,Random House Trade Paperbacks,2002
0375875263,['0375875263'],The Prophet of Yonwood,Jeanne DuPrau,Random House Books for Young Readers,2006
0385339100,['0525478183'],The Partner,John Grisham,Delta,2005
0385339607,['0399594000'],The Rainmaker,John Grisham,Delta,2005
0385340397,['0385324162'],A Breath of Snow and Ashes (Outlander  #6),Diana Gabaldon,Delta,2006
0385340540,['0385510454'],The Broker,John Grisham,Delta,2006
0385486804,['0385486804'],Into the Wild,Jon Krakauer,Anchor Books,1997
0385662238,['0385509456'],The Curious Incident of the Dog in the Night-time,Mark Haddon,Doubleday Canada,2006
0385663552,['0767908171'],A Short History of Nearly Everything (Illustrated Edition),Bill Bryson,Anchor Canada,2010
0385721056,"['1933372133', '0316734594']",Good Faith,Jane Smiley,Anchor Books,2004
0385732538,['0385737165'],Messenger (The Giver  #3),Lois Lowry,Ember,2006
0393327345,['0393327345'],Fight Club,Chuck Palahniuk,W.W. Norton & Company (NYC),2005
0393975428,['0141441143'],Jane Eyre,Charlotte Brontë/Richard J. Dunn,W. W. Norton & Company,2000
0399244913,['0399244913'],Eats  Shoots & Leaves: Why  Commas Really Do Make a Difference!,Lynne Truss/Bonnie Timmons,G.P. Putnam's Sons Books for Young Readers,2006
0413735907,['0393089134'],A Clockwork Orange (Stage Play),Anthony Burgess,Methuen Drama,2017
0425213978,['0399153446'],Labyrinth (Languedoc  #1),Kate Mosse,Berkley Books,2007
0435124099,['038549081X'],The Handmaid's Tale,Margaret Atwood,Heinemann Library,2009
0439064864,['0439064864'],Harry Potter and the Chamber of Secrets (Harry Potter  #2),J.K. Rowling/Mary GrandPré,Arthur A. Levine Books / Scholastic Inc.,1999
0439101360,['1402714580'],Little Women,Louisa May Alcott/Paula Danziger,Scholastic Paperbacks,2000
0440229359,['1565124995'],How Angel Peterson Got His Name,Gary Paulsen,Yearling,2004
0441014100,['0425280101'],Starship Troopers,Robert A. Heinlein,Ace,2006
0446528056,['0446528056'],Dear John,Nicholas Sparks,Warner Books (NY),2006
0446578843,['0446578843'],I Like You: Hospitality Under the Influence,Amy Sedaris,Warner Books (NY),2006
0451528611,['0143035002'],Anna Karenina,Leo Tolstoy/David Magarshack/Priscilla Meyer,Signet,2002
0451528824,['1402714513'],Anne of Green Gables (Anne of Green Gables  #1),L.M. Montgomery,Signet Book,2003
0451528832,['0763631612'],The Secret Garden,Frances Hodgson Burnett/Sandra M. Gilbert,Signet,2003
0451529308,['1402714580'],Little Women,Louisa May Alcott,Signet Classics,2004
0452284236,"['0451524934', '0452284236']",Nineteen Eighty-Four,George Orwell/Thomas Pynchon,Plume,2003
0452284244,['0679420398'],Animal Farm,George Orwell/Boris Grabnar/Peter Škerl,NAL,2003
0452286751,['0316057576'],The Fountainhead,Ayn Rand,Dutton,2005
0486420493,['0307949524'],The House of Mirth,Edith Wharton,Dover Publications,2002
0486437965,['0143035002'],Anna Karenina,Leo Tolstoy/Louise Maude/Aylmer Maude,Dover Publications,2004
0486440915,"['0143036238', '0141439513']",Pride and Prejudice,Jane Austen/George Saintsbury/Hugh  Thomson,Dover Publications,2005
0515121495,['1594489866'],The List,Steve Martini,Jove,1997
0515138819,['0515138819'],Sunshine,Robin McKinley,Jove,2004
0517189607,['0763631612'],The Secret Garden,Frances Hodgson Burnett,Children's Classics,1998
0517221144,['1402714572'],Treasure Island,Robert Louis Stevenson/Milo Winter,Gramercy Books,2002
0517221160,['1402714580'],Little Women,Louisa May Alcott/Jessie Willcox Smith/Frank T. Merrill,Gramercy Books,2002
0517223627,['1402725027'],Alice in Wonderland,Lewis Carroll/Jane Carruth/Rene Cloke,Gramercy Books,2004
0552773123,['1400063833'],Until I Find You,John Irving,Black Swan,2006
0552995886,['1400043182'],The House of the Spirits,Isabel Allende/Magda Botin,Black Swan,1986
0552997773,['0449912558'],The Sparrow (The Sparrow  #1),Mary Doria Russell,Black Swan,1997
0553116088,['0140186395'],East Of Eden,John Steinbeck,Bantam Books,1977
0553156500,"['0142408883', '0142409219']",Encyclopedia Brown and the Case of the Treasure Hunt (Encyclopedia Brown  #17),Donald J. Sobol/Gail Owens,Yearling,1989
0553213458,['1402725027'],Alice's Adventures in Wonderland & Through the Looking-Glass,Lewis Carroll/John Tenniel,Bantam Classics,1984
0553384155,"['0345464672', '0345464583', '034546463X']",Flags of Our Fathers,James D. Bradley/Ron Powers,Bantam,2006
0553480804,"['0142408883', '0142409219']",Encyclopedia Brown Solves Them All (Encyclopedia Brown  #5),Donald J. Sobol/Leonard W. Shortall,Yearling,1992
0553485172,['0142408883'],Encyclopedia Brown and the Case of the Sleeping Dog (Encyclopedia Brown  #21),Donald J. Sobol/Warren Chang,Yearling Books,1999
0553485210,['0142409219'],Encyclopedia Brown and the Case of the Slippery Salamander (Encyclopedia Brown  #22),Donald J. Sobol/Warren Chang,Yearling,2003
0553582755,['0545165571'],One Door Away from Heaven,Dean Koontz,Bantam,2002
0060004509,['0060005033'],An Old-Fashioned Thanksgiving,Louisa May Alcott/James Bernardin,HarperCollins Publishers,2005
0060511060,['0062209698'],Amelia Bedelia Goes Camping,Peggy Parish/Lynn Sweat,Greenwillow Books,2003
0060511117,['0062209698'],Amelia Bedelia Helps Out,Peggy Parish/Lynn Sweat,Greenwillow Books,2005
0060511141,"['0062209698', '0060266880']",Teach Us  Amelia Bedelia,Peggy Parish/Lynn Sweat,Greenwillow Books,2004
0060722290,['0061916048'],The Falls,Joyce Carol Oates,Harper Perennial,2005
0060724501,['0061129046'],Ready or Not (All-American Girl  #2),Meg Cabot,HarperCollins Publishers,2005
0060740450,['0060883286'],One Hundred Years of Solitude,Gabriel García Márquez/Gregory Rabassa,Harper Perennial,2004
0060792175,['0618173870'],Everything Is Illuminated,Jonathan Safran Foer,Harper Perennial,2005
0060838582,['0395977894'],Fast Food Nation: The Dark Side of the All-American Meal,Eric Schlosser,Harper Perennial,2005
0060838655,"['0061965588', '0062397346']",A People's History of the United States,Howard Zinn,Harper Perennial,2005
0060888695,"['0061743526', '0061120081']",To Kill a Mockingbird,Harper Lee/Sissy Spacek,Caedmon,2006
0060898526,['0060850523'],Brave New World Revisited,Aldous Huxley,Harper Perennial Modern Classics,2006
0060929871,['0060850523'],Brave New World,Aldous Huxley,HarperPerennial / Perennial Classics,1998
0060930535,['0060175400'],The Poisonwood Bible,Barbara Kingsolver,Harper Perennial,1999
0060935464,['0061120081'],To Kill a Mockingbird,Harper Lee,Harper Perennial Modern Classics,2005
0061142026,['0061142026'],Stardust,Neil Gaiman,Harper Perennial,2006
0061205699,"['0061743526', '0061120081']",To Kill a Mockingbird,Harper Lee,Harper,2006
0613647904,"['1400031346', '1400031354']",Tears of the Giraffe (No. 1 Ladies' Detective Agency  #2),Alexander McCall Smith,Turtleback,2002
0618101365,['039592720X'],Interpreter of Maladies,Jhumpa Lahiri,Houghton Mifflin Harcourt,2000
0618680004,['0618680004'],The God Delusion,Richard Dawkins,Houghton Mifflin Co. (Boston/NY),2006
0618711651,['0618711651'],Extremely Loud and Incredibly Close,Jonathan Safran Foer,Mariner Books,2006
0679642595,['0062204092'],A Prayer for Owen Meany,John Irving,Modern Library,2002
0679643362,['0142437182'],Siddhartha,Hermann Hesse/Susan Bernofsky/Tom Robbins,Modern Library,2006
0679867120,['0679867120'],Daisy-Head Mayzie,Dr. Seuss,Random House Books for Young Readers,1995
0689844085,['1402784066'],Robinson Crusoe,Daniel Defoe/Avi,Aladdin,2001
0689845073,['0689845073'],Dooby Dooby Moo,Doreen Cronin/Betsy Lewin,Atheneum Books for Young Readers,2006
0689875347,['0385732317'],A Great and Terrible Beauty (Gemma Doyle #1),Libba Bray,Simon and Schuster,2003
0713997273,['0316172324'],Blink: The Power of Thinking Without Thinking,Malcolm Gladwell,Penguin,2005
0007149824,['0060296968'],The Yiddish Policemen's Union,Michael Chabon,HarperCollins,2007
0007171994,['0062063502'],The Return of the King (The Lord of the Rings  #3),J.R.R. Tolkien,HarperCollins Publishers Ltd,2003
0007176155,['0743246985'],Wild Swans: Three Daughters of China,Jung Chang,Harper Perennial,2004
0723247706,['0723247706'],The Tale of Peter Rabbit,Beatrix Potter,Warne,2002
0723249865,['0723247706'],Tale of Peter Rabbit,Beatrix Potter,Warne,2004
0723257043,['0723247706'],The Tale of Peter Rabbit: A Pop-up Adventure,Beatrix Potter,Warne,2006
0723258732,['0723247706'],The Tale of Peter Rabbit,Beatrix Potter,Warne,2006
0739339788,['0385504209'],The Da Vinci Code (Robert Langdon  #2),Dan Brown/Paul Michael,Random House Audio,2006
0743203968,['034580709X'],The Body Artist,Don DeLillo,Scribner,2002
0743243315,['0743243307'],Brick Lane,Monica Ali,Scribner,2004
0743271327,['0743271327'],Brokeback Mountain,Annie Proulx,Scribner,2005
0743437497,['0307743659'],The Shining,Stephen King,Gallery Books,2002
0743454553,['0743267648'],Vanishing Acts,Jodi Picoult,Washington Square Press,2005
0743470125,['0743470117'],Goodnight Nobody,Jennifer Weiner,Washington Square Press,2006
0743487583,['0141439475'],Frankenstein  or the Modern Prometheus,Mary Wollstonecraft Shelley/Margaret Brantley,Pocket Books,2004
0747562113,['0679439382'],The Little Friend,Donna Tartt,Bloomsbury,2002
0747573646,['0679439382'],The Little Friend,Donna Tartt,Bloomsbury,2007
0752864300,['0345404475'],Do Androids Dream Of Electric Sheep?,Philip K. Dick,Orion Paperbacks,2005
0753819317,['0143034901'],The Shadow of the Wind,Carlos Ruiz Zafón/Lucia Graves,Phoenix,2004
0763631604,['0763631604'],Beauty and the Beast,Max Eilenberg/Angela Barrett,Candlewick Press,2006
0767923227,['0767908171'],A Short History of Nearly Everything,Bill Bryson,Broadway Books,2005
0802789471,['0802789471'],Once Upon a Cool Motorcycle Dude,Kevin O'Malley/Carol Heyer/Scott Goto,Walker & Company,2005
0805063897,['0805063889'],Nickel and Dimed: On (Not) Getting by in America,Barbara Ehrenreich,Owl Books (Henry Holt),2002
0809023091,['0374500010'],Day (The Night Trilogy  #3),Elie Wiesel/Anne Borchardt,Hill and Wang,2006
0809037726,['0374500010'],Dawn (The Night Trilogy  #2),Elie Wiesel/Frances Frenaye,Hill & Wang,2006
0811839745,['0805079513'],Chicago Stories: Tales of the City,John  Miller/Stuart Dybek,Chronicle Books,2003
8445074873,['0345410017'],Fahrenheit 451,Ray Bradbury,Del Rey,2004
8478888845,['043935806X'],Harry Potter y la Orden del Fénix (Harry Potter  #5),J.K. Rowling,Emece Editores,2004
8478889930,['0590353403'],Harry Potter y el misterio del príncipe (Harry Potter  #6),J.K. Rowling/Gemma Rovira Ortega,Salamandra,2006
0859533301,['0859530124'],The Little Mouse  the Red Ripe Strawberry and the Big Hungry Bear,Don    Wood,Child's Play International,1996
0860688666,['038549081X'],Handmaid's Tale,Margaret Atwood,Virago Press Ltd,1994
0892967897,['0892960108'],Death of a Dreamer (Hamish Macbeth  #22),M.C. Beaton,Mysterious Press,2006
0940450313,['0307949524'],The House of Mirth / The Reef / The Custom of the Country / The Age of Innocence,Edith Wharton/R.W.B. Lewis,Library of America,1986
0099285045,['1416591311'],A Moveable Feast,Ernest Hemingway,Vintage,2012
0099429799,['0385503954'],Atonement,Ian McEwan,Vintage,2002
0099450259,"['0385509456', '0099450259']",The Curious Incident of the Dog in the Night-Time,Mark Haddon,Vintage,2004
0099456761,['0385509456'],The Curious Incident of the Dog In the Night-time,Mark Haddon,Red Fox,2004
0099461889,['031603133X'],Money,Martin Amis,Vintage,2005
0099486830,['0061853925'],Just One More Day: A Memoir,Susan    Lewis,Arrow Books,2006
0099489988,['1565124995'],Watermelon (Walsh Family  #1),Marian Keyes,Arrow,2005
